# gate_e2e --margins: teacher-forced arm against exact-forced-32.tsv; our_margin is signed toward our_top1
#id	step	our_top1	our_margin	exact_top1	exact_margin
0	0	8913	2.535603	8913	2.354992
0	1	11	0.338575	11	0.394573
0	2	588	0.135929	588	0.185346
0	3	317	1.785110	317	1.965490
0	4	839	1.256426	839	1.439651
0	5	254	1.089428	254	1.231788
0	6	8397	0.097122	8397	0.170909
0	7	3787	6.408947	3787	6.499169
0	8	279	3.433022	279	3.227543
0	9	254	2.814873	254	2.526758
0	10	3085	4.047222	3085	3.883034
0	11	13	2.842716	13	2.840197
0	12	8913	0.280161	8913	0.247922
0	13	317	2.134171	317	2.248567
0	14	3185	1.606091	3185	1.649546
0	15	327	1.268772	327	1.447988
0	16	895	3.178051	895	3.149440
0	17	31950	0.243347	31950	0.036012
0	18	58321	2.905720	58321	2.892600
0	19	11	1.209145	11	1.074275
0	20	1108	0.344154	1108	0.427448
0	21	372	8.620808	372	8.655468
0	22	254	6.420448	254	6.482679
0	23	427	6.447914	427	6.534483
0	24	96575	11.065037	96575	11.165947
0	25	25943	7.871819	25943	7.873801
0	26	11	0.886616	11	0.864074
0	27	254	1.082489	254	1.185786
0	28	75173	3.573498	75173	3.834978
0	29	12238	3.166584	12238	3.215326
0	30	11	4.415222	11	4.313182
0	31	285	3.789928	285	3.874634
1	0	207	2.473940	207	2.420862
1	1	16	5.954142	16	5.580010
1	2	15	6.133724	15	5.526350
1	3	15	10.784223	15	10.362495
1	4	9944	1.040905	9944	0.909672
1	5	77537	3.322994	77537	3.194352
1	6	430	0.578716	430	0.886663
1	7	5532	3.016434	5532	3.085294
1	8	2258	5.457047	2258	5.667264
1	9	11	0.469114	11	0.242672
1	10	548	0.838600	548	0.908744
1	11	359	0.246698	359	0.178726
1	12	481	1.053421	481	1.034247
1	13	839	0.923792	839	0.424501
1	14	26310	1.200359	26310	1.138116
1	15	430	3.721878	430	3.424398
1	16	207	0.922241	207	1.070309
1	17	16	0.779793	16	0.806847
1	18	15	3.719143	15	3.378686
1	19	15	4.259901	15	5.018788
1	20	9944	4.943613	9944	4.981505
1	21	77537	4.464851	77537	4.280572
1	22	430	0.577293	430	0.568577
1	23	3872	0.520311	3872	0.626529
1	24	2917	3.578196	2917	3.721058
1	25	13354	10.941427	13354	11.050371
1	26	13	0.636013	13	0.722957
1	27	1002	0.217299	1002	0.190405
1	28	317	1.724003	317	1.691300
1	29	1373	1.126713	1373	0.903989
1	30	254	1.626194	254	1.553876
1	31	3207	0.241425	3207	0.108828
2	0	207	4.100465	207	3.803425
2	1	19	1.005967	19	1.248804
2	2	185	1.067100	185	1.069605
2	3	185	0.103681	185	0.162516
2	4	1679	1.267282	1679	1.218218
2	5	207	1.867397	207	1.661862
2	6	17	1.118430	17	1.084971
2	7	13	0.819554	13	0.710899
2	8	207	1.098586	207	1.210081
2	9	17	0.257011	17	0.288437
2	10	919	0.069123	13	0.029403
2	11	207	5.016687	207	4.878121
2	12	17	0.398258	17	0.200443
2	13	403	1.960741	403	2.017615
2	14	207	3.601187	207	3.434251
2	15	19	2.239586	19	1.868856
2	16	185	2.320864	185	2.088011
2	17	185	1.299120	185	1.139792
2	18	1679	1.246029	1679	1.098359
2	19	207	4.111289	207	3.716924
2	20	17	0.816899	17	0.934867
2	21	13	1.168279	13	0.514894
2	22	207	2.815986	207	2.290814
2	23	17	5.293110	17	5.269956
2	24	919	5.666016	919	6.005031
2	25	207	7.152180	207	7.601659
2	26	17	6.123484	17	5.613443
2	27	403	4.878304	403	4.741519
2	28	207	8.055716	207	7.602432
2	29	19	6.464794	19	6.650566
2	30	185	3.200274	185	3.526260
2	31	185	2.839113	185	3.092365
3	0	11	0.564749	11	0.457023
3	1	304	0.013647	601	0.004780
3	2	1210	0.878376	1210	1.056291
3	3	317	5.374454	317	5.358369
3	4	46462	0.120132	8688	0.290616
3	5	285	0.007620	285	0.091724
3	6	304	3.976513	304	3.958230
3	7	608	1.290499	608	1.070824
3	8	245	1.474546	245	1.451050
3	9	207	1.444939	207	1.420622
3	10	17	0.512303	17	0.622577
3	11	15	0.301182	15	0.307237
3	12	12	0.322731	12	0.227615
3	13	5468	1.325291	5468	1.556046
3	14	12	1.964474	12	2.102033
3	15	843	8.409723	843	8.531075
3	16	6710	0.007280	6710	0.123155
3	17	473	0.415150	473	0.477091
3	18	254	1.035419	254	1.039129
3	19	7312	0.364710	7312	0.410943
3	20	13	1.660904	13	1.616278
3	21	304	1.259905	304	1.256034
3	22	608	0.001358	608	0.072591
3	23	5134	2.158813	5134	2.345831
3	24	16208	1.271025	16208	1.176440
3	25	327	0.924944	327	0.829751
3	26	245	1.535702	245	1.602097
3	27	5757	1.882721	5757	1.937018
3	28	279	5.259327	279	5.225456
3	29	3517	0.566551	3517	0.628502
3	30	38683	1.344870	38683	1.226719
3	31	430	0.272972	430	0.008443
4	0	39048	1.883688	39048	1.863277
4	1	13	0.681999	13	0.952678
4	2	809	0.935263	809	0.853669
4	3	317	1.054287	317	0.931474
4	4	245	1.141834	245	1.268168
4	5	5817	5.731583	5817	5.749424
4	6	16310	7.477987	16310	7.351405
4	7	11	0.280754	11	0.370594
4	8	4569	0.642197	4569	0.468853
4	9	359	1.111683	359	1.000595
4	10	2845	0.125935	2845	0.135200
4	11	1401	0.510376	1401	0.270135
4	12	9565	0.126480	581	0.090747
4	13	280	3.139366	280	3.090030
4	14	5817	1.472549	5817	1.444343
4	15	285	2.279156	285	2.257473
4	16	2845	0.587502	2845	0.310107
4	17	487	0.042770	487	0.038499
4	18	83	12.219302	83	12.053389
4	19	463	8.442213	463	8.355687
4	20	245	7.189085	245	7.246063
4	21	6201	3.163124	6201	3.128816
4	22	5438	8.200823	5438	8.419630
4	23	13	0.812973	13	0.687832
4	24	39048	0.436798	39048	0.672539
4	25	317	1.922482	317	1.852495
4	26	558	0.951046	558	0.941718
4	27	2567	1.649399	2567	1.725026
4	28	344	3.478920	344	3.781699
4	29	359	0.689568	359	1.023440
4	30	1027	2.197330	1027	2.065663
4	31	4357	1.470074	4357	1.591300
5	0	185	0.017368	185	0.160708
5	1	300	0.264275	300	0.445553
5	2	972	2.761404	972	2.712446
5	3	245	4.870586	245	4.851316
5	4	919	1.469368	919	1.498833
5	5	270	8.996693	270	8.681998
5	6	185	3.364655	185	2.791275
5	7	185	2.348070	185	2.750103
5	8	1558	0.022753	185	0.021358
5	9	1558	2.160908	1558	2.029639
5	10	53909	1.524012	53909	1.560894
5	11	7	7.696012	7	7.876418
5	12	64	5.482613	64	5.275074
5	13	11	5.801426	11	5.880255
5	14	270	5.176460	270	5.768288
5	15	1780	7.719498	1780	7.978447
5	16	185	3.905470	185	3.892892
5	17	300	8.427418	300	8.661060
5	18	972	6.343285	972	6.341590
5	19	245	7.354200	245	7.317337
5	20	570	4.904129	570	4.725475
5	21	270	9.343315	270	9.123101
5	22	185	4.753017	185	4.788972
5	23	185	3.853483	185	3.949727
5	24	185	4.088289	185	4.086641
5	25	1558	4.737452	1558	4.497680
5	26	36419	3.691334	36419	3.697365
5	27	7	9.013197	7	8.832381
5	28	64	7.147364	64	7.265047
5	29	11	10.141737	11	10.213460
5	30	270	6.485672	270	6.400563
5	31	1780	7.389978	1780	7.491997
6	0	6159	1.923107	6159	1.910039
6	1	11	0.167814	11	0.226734
6	2	285	0.214504	285	0.128459
6	3	254	2.183701	254	2.232527
6	4	9541	2.826786	9541	2.956280
6	5	280	6.356647	280	6.377181
6	6	6159	2.296234	6159	2.129310
6	7	317	4.454531	317	4.683533
6	8	3550	3.144312	3550	3.374277
6	9	13	1.039766	13	1.193601
6	10	185	0.861490	185	0.905775
6	11	185	2.258037	185	1.594132
6	12	549	1.153032	549	1.380890
6	13	9541	2.688869	9541	2.691916
6	14	280	5.881451	280	5.990483
6	15	581	0.016985	581	0.233896
6	16	317	6.206100	317	6.355444
6	17	4426	1.866106	4426	1.858284
6	18	11	4.154022	11	4.264030
6	19	285	5.223606	285	5.197227
6	20	254	5.004948	254	4.941000
6	21	9541	7.657024	9541	7.715626
6	22	280	8.944147	280	9.119662
6	23	4426	6.735992	4426	6.703806
6	24	317	8.723759	317	8.767608
6	25	2156	6.315113	2156	6.312484
6	26	13	7.407112	13	7.565009
6	27	185	3.737392	185	3.727744
6	28	185	6.988523	185	6.922866
6	29	549	3.083309	549	3.097312
6	30	9541	3.947515	9541	3.822793
6	31	280	7.383923	280	7.583544
7	0	11	1.526287	11	1.496305
7	1	745	0.439169	745	0.265377
7	2	438	1.138973	438	1.260488
7	3	245	2.170078	245	2.172986
7	4	1585	0.142832	5075	0.015390
7	5	7046	1.446016	7046	1.349941
7	6	46707	0.159233	46707	0.032501
7	7	13	0.959372	13	0.981277
7	8	2130	1.021946	2130	1.083136
7	9	438	0.418762	438	0.398024
7	10	245	1.169954	245	1.195651
7	11	1079	0.754700	1079	0.833319
7	12	24012	0.366301	24012	0.309224
7	13	10724	0.782190	10724	0.944300
7	14	11	0.624264	11	0.584469
7	15	548	0.586414	548	0.552806
7	16	838	2.509216	838	2.441175
7	17	661	0.160160	661	0.122752
7	18	1866	0.392704	1866	0.243931
7	19	3707	0.120853	3707	0.041514
7	20	274	1.391319	274	1.321394
7	21	2460	0.963289	2460	0.921560
7	22	1296	0.106779	1296	0.218922
7	23	13	1.295197	13	1.483036
7	24	3474	0.038713	3474	0.035278
7	25	661	0.378067	661	0.391719
7	26	1958	1.036533	1958	0.996033
7	27	803	1.497852	803	1.728217
7	28	1653	1.192610	1653	1.233870
7	29	27211	0.791473	27211	0.717943
7	30	276	2.005890	276	1.994775
7	31	1296	0.695877	1296	0.289899
8	0	7742	1.985682	7742	2.526068
8	1	33802	4.589050	33802	5.140862
8	2	285	0.311346	331	1.367818
8	3	2818	1.958412	2818	3.047637
8	4	2387	3.504250	2387	4.613311
8	5	11	0.474564	11	0.055455
8	6	285	1.392750	285	1.267631
8	7	254	0.290833	254	0.494231
8	8	4899	1.164135	4899	1.462416
8	9	418	0.219906	418	0.104553
8	10	14801	3.630228	14801	4.433901
8	11	457	4.871578	457	4.756299
8	12	45507	3.367664	45507	3.499272
8	13	13	3.561005	13	3.416196
8	14	1494	0.489006	1494	0.416753
8	15	2203	1.904694	2203	2.040993
8	16	11	0.514753	11	0.439778
8	17	825	0.147429	825	0.460976
8	18	16	2.245085	16	2.324486
8	19	11	3.948252	11	3.758604
8	20	207	2.163921	207	1.710957
8	21	17	2.733677	17	1.687506
8	22	11	5.812836	11	5.868009
8	23	207	2.469723	207	2.007208
8	24	18	6.334955	18	5.963556
8	25	11	0.789894	11	0.427825
8	26	207	2.045284	207	2.286821
8	27	19	3.785929	19	4.018924
8	28	11	0.677320	11	0.878329
8	29	207	2.850121	207	2.841639
8	30	20	7.092094	20	8.080740
8	31	60	2.274719	60	1.633051
9	0	207	5.075531	207	4.968218
9	1	16	2.334543	16	1.728139
9	2	23	5.220886	23	5.025517
9	3	21	8.297815	21	8.274641
9	4	11	5.281040	11	5.327086
9	5	17	1.374886	17	1.198974
9	6	23	4.251568	23	4.449440
9	7	17	6.151505	17	6.210190
9	8	6593	6.518614	6593	6.074201
9	9	513	3.448776	513	3.203441
9	10	1864	5.439541	1864	5.493890
9	11	13	1.165493	13	1.205362
9	12	185	1.037338	185	1.161891
9	13	185	1.098927	185	0.993022
9	14	1679	2.491116	1679	2.564148
9	15	1724	0.494352	1724	0.687196
9	16	4311	1.066158	4311	0.987119
9	17	317	1.848547	317	2.291469
9	18	254	0.086550	254	0.039892
9	19	30	0.404203	30	0.567760
9	20	185	4.655252	185	4.825028
9	21	185	1.869097	185	1.450788
9	22	20637	0.120104	549	0.181261
9	23	4583	3.830612	4583	3.843481
9	24	280	5.424183	280	5.618302
9	25	2156	7.302971	2156	7.284220
9	26	317	2.539906	317	2.449941
9	27	10750	0.551777	10750	0.662869
9	28	207	6.020267	207	6.114696
9	29	16	6.917398	16	7.542872
9	30	23	7.833473	23	7.408171
9	31	21	10.649357	21	10.409438
10	0	11303	1.810154	11303	1.891607
10	1	11	2.118160	11	2.200138
10	2	10967	2.476295	10967	2.468375
10	3	11	2.455709	11	2.449909
10	4	8202	3.839518	8202	3.501205
10	5	11	2.439943	11	2.601070
10	6	8652	3.746998	8652	3.775088
10	7	11	2.097029	11	2.072025
10	8	7926	5.435354	7926	5.405832
10	9	185	2.090427	185	2.132813
10	10	185	1.756596	185	1.953777
10	11	1679	1.637766	1679	0.883515
10	12	25452	0.157812	1724	0.013072
10	13	280	1.251198	9325	0.063556
10	14	254	4.488621	254	4.424818
10	15	14062	1.497272	14062	1.376413
10	16	185	0.209616	185	0.896369
10	17	185	2.882662	185	2.438164
10	18	12	1.445228	12	1.350777
10	19	9217	0.530474	9217	0.213692
10	20	32511	0.565129	32511	0.750311
10	21	746	0.719099	746	0.519621
10	22	185	1.289516	185	0.893991
10	23	12	0.369530	207	0.353193
10	24	570	4.863989	570	5.389178
10	25	9217	0.157976	9217	0.100528
10	26	32511	0.042163	32682	0.226006
10	27	62086	1.384182	62086	1.404655
10	28	59668	0.418747	59668	0.874471
10	29	414	1.903683	414	2.307281
10	30	2008	0.855293	656	0.134504
10	31	83812	5.942268	83812	6.249152
11	0	5001	0.172829	5001	0.184529
11	1	403	0.915798	403	0.807923
11	2	655	2.314890	655	2.307462
11	3	2817	0.687543	2817	0.571433
11	4	31	3.819456	31	3.739891
11	5	2817	0.649776	2817	0.942252
11	6	13	2.876781	13	2.727842
11	7	690	3.272907	690	3.302329
11	8	4069	0.626062	4069	0.794791
11	9	185	0.227080	185	0.322954
11	10	185	2.776606	185	2.450570
11	11	7504	1.011911	7504	0.830522
11	12	575	4.335163	575	4.357077
11	13	7431	6.179001	7431	6.473887
11	14	4741	2.796673	4741	2.780916
11	15	11267	4.146973	11267	4.241073
11	16	5001	2.855921	5001	2.843279
11	17	33219	0.110649	403	0.278750
11	18	655	4.626120	655	4.853801
11	19	2817	5.399678	2817	5.308043
11	20	31	4.244963	31	3.861989
11	21	2817	7.079760	2817	7.164860
11	22	13	5.868484	13	5.977709
11	23	690	8.841438	690	8.643160
11	24	4069	0.849764	4069	0.468937
11	25	185	0.551691	185	0.366602
11	26	185	4.662423	185	4.317406
11	27	7504	2.567986	7504	2.400523
11	28	575	4.019432	575	4.717469
11	29	7431	6.335318	7431	6.800112
11	30	4741	3.627352	4741	3.460316
11	31	11267	2.882891	11267	2.791074
12	0	37236	4.073151	37236	3.828801
12	1	11	0.951668	11	0.876106
12	2	588	1.424137	588	1.259296
12	3	3450	0.642012	3450	0.589129
12	4	473	8.762863	473	8.956140
12	5	254	4.932978	254	5.527475
12	6	13406	6.606289	13406	6.533990
12	7	1734	5.619492	1734	6.236009
12	8	327	0.618963	327	0.974431
12	9	5299	4.747318	5299	4.558101
12	10	11	4.499401	11	4.302746
12	11	54150	1.458866	54150	1.557866
12	12	377	5.602409	377	5.753169
12	13	13	3.321096	13	3.158573
12	14	8264	0.562569	8264	0.667628
12	15	317	0.962330	317	1.001687
12	16	245	2.096336	245	1.968245
12	17	17353	0.303066	11471	0.091330
12	18	3699	6.068590	3699	5.040627
12	19	366	3.996155	366	4.345918
12	20	23772	1.535490	23772	1.789698
12	21	1604	7.486835	1604	7.386847
12	22	207	7.287304	207	7.332002
12	23	16	0.939138	22	1.181864
12	24	24	9.983715	24	10.128287
12	25	11	2.708450	11	2.276392
12	26	4569	0.018059	588	0.206538
12	27	745	4.198132	745	5.525667
12	28	418	8.593060	418	8.649363
12	29	207	6.357466	207	6.570789
12	30	22	6.107239	22	5.502716
12	31	24	7.750998	24	7.827883
13	0	20210	0.644360	20210	0.769154
13	1	881	0.470314	881	0.390380
13	2	254	2.245289	254	2.361774
13	3	2563	0.527609	2563	0.514308
13	4	11	0.008554	11	0.049481
13	5	711	0.669363	711	0.627781
13	6	3545	0.784897	3545	0.826857
13	7	6163	0.152205	6163	0.316053
13	8	10237	1.714497	10237	1.542802
13	9	276	4.391367	276	4.304525
13	10	254	2.331371	254	2.412216
13	11	2317	0.886030	2317	0.927241
13	12	4071	0.444664	4071	0.733421
13	13	344	0.490017	344	0.592256
13	14	36994	0.074097	36994	0.000443
13	15	254	3.292217	254	3.249677
13	16	3787	1.529099	3787	1.425285
13	17	10404	0.169573	10404	0.084534
13	18	13	0.459156	13	0.378799
13	19	429	1.174940	429	1.114058
13	20	4281	1.697193	4281	1.704309
13	21	438	1.474785	438	1.296297
13	22	5007	1.239319	5007	1.537778
13	23	11	3.749908	11	3.698564
13	24	30026	2.011612	30026	2.221046
13	25	245	2.306614	245	2.262445
13	26	6284	1.021217	6284	0.966946
13	27	14544	0.726879	14544	0.516135
13	28	23191	2.329475	23191	2.289109
13	29	855	0.720268	855	1.035887
13	30	254	3.911976	254	3.752028
13	31	12404	2.167326	12404	2.019646
14	0	9226	0.192575	245	0.054167
14	1	8420	1.259361	8420	1.018946
14	2	93154	9.620363	93154	9.574870
14	3	2355	11.134998	2355	11.073351
14	4	280	1.946251	280	1.451530
14	5	3973	0.017778	3973	0.304457
14	6	207	5.372095	207	5.215604
14	7	16	0.030147	16	0.061457
14	8	285	0.546516	285	0.693541
14	9	634	1.010458	634	0.878762
14	10	2758	0.104658	280	0.168315
14	11	895	3.117172	895	3.147823
14	12	12882	1.702442	12882	1.703127
14	13	317	0.245750	317	0.444761
14	14	207	0.710880	207	0.700057
14	15	17	0.099430	17	0.048523
14	16	13	2.565250	13	3.225216
14	17	11424	0.528517	11424	0.431682
14	18	254	4.192110	254	4.108578
14	19	3973	1.210566	3973	1.233108
14	20	280	7.611511	280	7.748795
14	21	254	4.884148	254	4.986270
14	22	750	3.227232	750	3.061152
14	23	2758	7.166534	2758	7.134362
14	24	13	3.334438	13	3.480028
14	25	185	2.875288	185	2.851485
14	26	185	2.479763	185	2.446781
14	27	4160	0.859392	4160	0.658807
14	28	363	0.894068	363	0.807178
14	29	87	2.173164	87	2.144077
14	30	3	6.277086	3	6.374085
14	31	330	3.507877	330	3.375234
15	0	8211	1.595993	8211	2.261722
15	1	8196	7.671793	8196	7.666393
15	2	13	0.302795	13	0.278576
15	3	1063	1.692560	1063	1.725080
15	4	438	0.678711	438	0.510383
15	5	7722	0.561602	7722	0.809096
15	6	331	1.889633	331	1.925388
15	7	8520	2.756268	8520	2.683380
15	8	207	9.231678	207	9.248923
15	9	16	0.923706	16	0.596620
15	10	16	7.783535	16	8.235519
15	11	11	3.473192	11	3.476349
15	12	207	5.905699	207	5.825900
15	13	16	10.860703	16	11.063674
15	14	22	9.000589	22	9.221910
15	15	18	10.914650	18	10.729834
15	16	17	9.402112	17	9.488530
15	17	11	2.541882	11	2.746467
15	18	279	1.272530	279	1.421254
15	19	5653	4.376163	5653	3.728585
15	20	4291	3.917889	4291	4.231189
15	21	1569	13.992149	1569	14.232513
15	22	6936	7.568501	6936	7.771400
15	23	11	8.382889	11	8.333343
15	24	13838	6.818769	13838	6.844868
15	25	13	0.800922	13	0.981393
15	26	1063	0.499893	1063	0.446291
15	27	438	0.715668	438	0.712111
15	28	245	0.661570	245	0.749051
15	29	668	0.528793	668	0.847596
15	30	280	1.999434	280	1.845273
15	31	1228	1.470007	1228	1.400823
16	0	2512	5.360697	2512	5.640650
16	1	25	0.344591	25	0.367584
16	2	12562	0.541695	12562	0.492901
16	3	207	2.939077	207	2.595508
16	4	2901	0.676706	2901	1.279294
16	5	487	15.924992	487	11.048740
16	6	23697	0.185806	23697	2.017929
16	7	88982	7.240639	88982	7.320734
16	8	279	4.023632	279	4.906290
16	9	254	9.021282	254	9.382351
16	10	2764	4.643856	2764	4.149455
16	11	276	9.750156	276	9.633541
16	12	13067	10.127951	13067	10.276968
16	13	429	1.827770	429	0.737350
16	14	1906	7.793802	1906	7.504111
16	15	791	19.991604	791	20.406796
16	16	285	11.577513	285	11.804304
16	17	25698	9.790241	25698	10.098283
16	18	280	11.499199	280	11.494593
16	19	66092	14.024033	66092	13.190907
16	20	16531	5.224691	16531	5.342832
16	21	11	4.355053	11	4.296893
16	22	2489	7.015137	2489	6.800499
16	23	276	9.053316	276	9.716088
16	24	1529	10.920982	1529	11.263877
16	25	7921	1.735279	7921	1.254976
16	26	2481	9.518234	2481	9.904525
16	27	245	12.103880	245	11.858171
16	28	5532	12.590145	5532	12.403992
16	29	280	10.112106	280	10.564792
16	30	16725	10.185232	16725	10.434117
16	31	1308	0.391834	1308	0.099932
17	0	21715	6.390190	21715	7.567573
17	1	185	0.099003	185	0.192837
17	2	185	1.008099	185	0.217450
17	3	185	0.156349	1558	0.110628
17	4	752	0.301908	752	0.219272
17	5	62	6.655382	62	6.620225
17	6	2459	0.391855	2459	0.408066
17	7	7	1.060312	7	0.918397
17	8	2810	0.056705	2810	0.218501
17	9	62	0.545010	62	0.601354
17	10	1531	0.299534	1531	0.205205
17	11	1780	0.272028	1780	0.426838
17	12	185	5.689629	185	5.583115
17	13	300	4.208782	300	4.092301
17	14	1191	0.549807	1191	0.643157
17	15	403	2.007311	403	2.061680
17	16	21715	0.453882	21715	0.375473
17	17	13	12.809530	13	12.915214
17	18	1776	1.879475	1776	2.192193
17	19	9307	1.998817	9307	2.750725
17	20	7	5.879211	7	5.931925
17	21	2810	6.139050	2810	6.210022
17	22	62	8.092428	62	7.285686
17	23	1531	9.583378	1531	10.879047
17	24	8	1.528393	8	1.084453
17	25	185	4.612534	185	4.738276
17	26	300	3.158169	300	3.109294
17	27	972	3.355841	972	3.255320
17	28	1191	3.044382	1191	3.346493
17	29	185	0.233110	185	0.193749
17	30	185	1.722286	185	1.590815
17	31	1558	1.067276	1558	1.025455
18	0	8397	1.761356	8397	1.622316
18	1	15389	0.931070	15389	0.897853
18	2	331	2.689548	331	2.132969
18	3	11687	1.050194	11687	1.538303
18	4	11	0.960800	11	0.932031
18	5	14486	1.939213	14486	1.755737
18	6	274	0.073292	10750	0.129588
18	7	207	2.553196	207	2.902138
18	8	20	0.847793	20	3.846928
18	9	15	11.239376	15	11.754463
18	10	11	3.134655	11	3.433167
18	11	15	2.297976	15	1.853149
18	12	15	5.982292	15	6.134694
18	13	15	10.434912	15	10.534447
18	14	11	7.267496	11	7.236489
18	15	15	8.598965	15	8.502810
18	16	15	11.704861	15	11.561696
18	17	15	7.243425	15	6.586525
18	18	7742	4.411842	7742	4.758955
18	19	6593	1.963524	6593	1.916745
18	20	13	0.849758	13	0.792427
18	21	809	1.221992	809	1.181501
18	22	317	0.848770	317	0.888878
18	23	78676	0.030483	254	0.085276
18	24	4443	2.547670	4443	2.390777
18	25	8397	1.265463	8397	1.300439
18	26	280	0.546614	280	0.946161
18	27	254	2.604607	254	2.128642
18	28	1843	4.313206	1843	3.967961
18	29	6	0.547714	6	0.474346
18	30	82	9.366037	82	9.718739
18	31	4047	0.763895	4047	0.681875
19	0	5501	5.967678	5501	5.928898
19	1	11	1.931814	11	1.855625
19	2	395	0.455339	395	0.561354
19	3	487	0.156597	487	0.307307
19	4	313	0.082035	313	0.211230
19	5	2149	3.087339	2149	2.948848
19	6	245	0.412111	245	0.354441
19	7	761	0.399681	761	0.404700
19	8	3979	0.307348	3979	0.255728
19	9	11	0.579304	11	0.429789
19	10	285	2.364929	285	2.123817
19	11	395	0.174839	395	0.603644
19	12	1378	0.000290	481	0.213964
19	13	487	2.735184	487	2.728793
19	14	83	12.273348	83	13.049719
19	15	3825	3.001324	3825	2.943044
19	16	276	0.581455	276	0.981134
19	17	1296	0.611797	1296	0.902902
19	18	340	0.991104	340	0.768998
19	19	0	0.670513	0	0.622219
19	20	185	2.551756	185	2.336548
19	21	1380	0.945105	1380	0.890813
19	22	487	1.430218	487	1.454906
19	23	313	0.063660	313	0.097188
19	24	803	1.322695	803	1.129026
19	25	2074	0.179190	2074	0.147429
19	26	430	8.322704	430	8.381925
19	27	830	7.283852	830	7.461317
19	28	855	0.009441	11	0.021522
19	29	254	1.838688	254	1.546495
19	30	2882	0.807911	2882	0.577777
19	31	1860	2.564938	1860	2.412393
20	0	5185	6.314455	5185	6.434216
20	1	11	1.154303	11	1.140539
20	2	8872	0.864811	8872	0.844240
20	3	327	7.006733	327	6.928861
20	4	15399	0.063723	3164	0.142277
20	5	5909	3.103390	5909	3.068768
20	6	11	0.327641	11	0.375102
20	7	30503	0.916271	30503	1.202044
20	8	97891	2.035038	97891	1.743276
20	9	11	1.368507	11	1.173327
20	10	285	3.501877	285	3.688587
20	11	750	0.186403	750	0.179366
20	12	14454	0.537828	14454	0.563742
20	13	4908	0.519516	4908	0.383092
20	14	13	2.756802	13	2.822811
20	15	809	0.594299	809	0.716153
20	16	317	1.751995	317	1.594219
20	17	245	1.506569	245	1.539748
20	18	4974	2.863962	4974	2.750003
20	19	12	3.072836	12	2.899466
20	20	7247	2.092422	7247	2.094215
20	21	47032	4.223604	47032	3.941967
20	22	2604	2.063705	2604	1.865410
20	23	12138	13.480042	12138	13.516857
20	24	344	0.081600	344	0.125154
20	25	5410	0.005329	10420	0.081846
20	26	245	0.868561	245	0.977958
20	27	10981	0.642887	10981	0.790399
20	28	7125	0.621433	7125	0.520258
20	29	280	7.337635	280	7.294362
20	30	29510	3.819939	29510	3.914410
20	31	285	0.211739	285	0.179331
21	0	440	1.140560	440	1.063738
21	1	18578	0.521863	18578	0.098605
21	2	6673	2.754351	6673	2.769525
21	3	1	3.759075	1	3.725003
21	4	185	3.275736	185	3.163590
21	5	185	2.900772	185	2.422467
21	6	2	1.382874	2	1.255340
21	7	4294	0.085593	4294	0.307899
21	8	79251	0.103907	79251	0.198885
21	9	285	3.911304	285	3.197179
21	10	49911	3.137911	49911	1.765457
21	11	185	2.026735	185	1.835236
21	12	2	0.632559	2	0.325111
21	13	1257	0.339287	429	0.191849
21	14	962	6.462450	962	6.031940
21	15	79251	1.529013	79251	1.805885
21	16	13	12.452719	13	11.739573
21	17	4562	6.417553	4562	6.131421
21	18	185	0.996202	185	0.691062
21	19	2	3.375565	2	3.114441
21	20	18587	9.975012	18587	10.161624
21	21	962	7.418228	962	7.536306
21	22	49911	5.973160	49911	5.272353
21	23	185	7.363586	185	7.736797
21	24	185	0.170155	185	0.526852
21	25	2	2.045937	2	1.968581
21	26	11353	1.715015	11353	1.783761
21	27	254	4.026083	254	3.388132
21	28	4183	2.158295	4183	3.395849
21	29	185	5.849382	185	5.632368
21	30	12207	0.651531	12207	0.907892
21	31	6673	5.884455	6673	6.074504
22	0	4047	2.059298	4047	1.888684
22	1	11	1.117218	11	1.121894
22	2	4484	2.294029	4484	1.775280
22	3	11	3.225124	11	3.050377
22	4	7960	4.758101	7960	4.685908
22	5	11	3.339931	11	3.222597
22	6	6524	5.245329	6524	5.347036
22	7	11	2.148981	11	2.435123
22	8	11326	4.250010	11326	4.285717
22	9	11	2.002092	11	1.987589
22	10	2146	3.949804	2146	3.731076
22	11	11	0.540470	11	0.497936
22	12	26566	2.744047	26566	2.623517
22	13	11	2.628376	11	2.611439
22	14	15367	4.628197	15367	4.076985
22	15	11	0.998592	11	1.154762
22	16	40114	2.472416	40114	2.513074
22	17	11	3.124186	11	2.829520
22	18	35614	2.711317	35614	2.551274
22	19	11	3.586637	11	3.628049
22	20	20378	2.788164	20378	2.347326
22	21	11	2.763256	11	2.701561
22	22	34550	3.493793	34550	3.679434
22	23	11	3.994183	11	3.846719
22	24	49028	2.428448	49028	2.475345
22	25	11	4.356930	11	4.493146
22	26	33852	2.981928	33852	3.396180
22	27	11	3.860235	11	4.024876
22	28	62587	4.879463	62587	4.329315
22	29	11	3.345827	11	3.224269
22	30	8522	4.271576	8522	4.377545
22	31	11	0.345877	13	0.112010
23	0	254	2.383728	254	2.573316
23	1	770	0.333572	770	0.155314
23	2	770	1.312824	770	1.354700
23	3	255	6.791510	255	6.883386
23	4	334	0.529146	334	0.339238
23	5	124	0.536808	124	0.393291
23	6	98	7.480415	98	8.163400
23	7	633	0.210646	633	0.176335
23	8	429	0.837111	429	0.888538
23	9	13727	0.320179	13727	0.171903
23	10	770	1.321993	770	1.453569
23	11	255	10.071562	255	9.611544
23	12	317	2.552559	317	2.634112
23	13	254	1.985622	254	2.036227
23	14	11363	0.321915	4443	0.838408
23	15	1094	3.196106	1094	2.704648
23	16	38220	7.349491	38220	6.192266
23	17	19305	11.881920	19305	11.659300
23	18	279	2.404354	279	3.179747
23	19	254	2.557529	254	1.218442
23	20	8373	0.302944	1843	0.735698
23	21	1166	1.768620	1166	1.669719
23	22	254	6.815056	254	6.550100
23	23	2616	2.495262	2616	2.345138
23	24	50259	1.970028	50259	2.001500
23	25	285	5.175549	285	5.021979
23	26	254	0.125847	254	0.711725
23	27	28071	8.611191	28071	8.387663
23	28	13	1.982048	13	1.791878
23	29	429	0.136280	429	0.226243
23	30	13727	0.056038	13727	0.273417
23	31	770	2.619616	770	2.719455
24	0	245	0.187946	245	0.108513
24	1	6265	0.402992	6265	0.165206
24	2	280	8.933132	280	9.127377
24	3	1191	1.292669	1191	1.398789
24	4	6881	0.220976	6881	0.262314
24	5	11	0.651489	11	0.761848
24	6	2847	0.048691	2847	0.108059
24	7	3613	0.283161	3613	0.551366
24	8	4863	3.134390	4863	3.131612
24	9	11	1.252748	11	1.182541
24	10	4921	0.351177	4921	0.394535
24	11	9159	1.210409	9159	1.083441
24	12	11	2.935841	11	3.010479
24	13	285	2.172028	285	2.258175
24	14	3029	0.665195	3029	0.531382
24	15	9247	0.842155	9247	0.958234
24	16	13	0.880222	13	0.954599
24	17	3410	0.550402	3410	0.562877
24	18	4096	0.645451	4096	0.426540
24	19	418	0.246574	418	0.187061
24	20	5405	0.258495	5405	0.282920
24	21	276	6.696875	276	6.566971
24	22	13341	0.148344	13341	0.068686
24	23	11817	3.690668	11817	3.790261
24	24	285	0.910137	285	0.815522
24	25	1099	1.557316	1099	1.609240
24	26	17801	1.917974	17801	1.866383
24	27	2853	3.140934	2853	3.077180
24	28	331	7.603214	331	7.455979
24	29	254	1.230270	254	1.347921
24	30	1191	2.234699	1191	2.287073
24	31	657	0.920979	657	1.169811
25	0	254	0.530050	254	0.566109
25	1	4247	0.289762	4247	0.174529
25	2	362	1.072590	362	0.975418
25	3	7130	0.050329	7130	0.050960
25	4	13	0.064434	13	0.161660
25	5	2130	0.044886	2130	0.157816
25	6	438	1.922590	438	1.934994
25	7	13595	0.407757	13595	0.526597
25	8	331	0.900917	331	0.835759
25	9	254	2.105408	254	2.165899
25	10	3853	0.733854	3853	0.881560
25	11	11	2.580881	11	2.587850
25	12	711	0.370420	711	0.617690
25	13	3123	0.333910	3123	0.165737
25	14	68714	0.187712	68714	0.055688
25	15	285	0.789268	285	0.835600
25	16	6586	0.894484	6586	0.934860
25	17	13	0.524681	13	0.500809
25	18	1063	0.376329	1063	0.553536
25	19	20521	0.185520	20521	0.145691
25	20	711	3.324429	711	3.487610
25	21	366	0.040539	285	0.015536
25	22	4586	0.106962	4586	0.052943
25	23	711	3.668602	711	3.744042
25	24	1297	0.661198	1297	0.736439
25	25	279	0.701935	279	0.524429
25	26	586	5.379866	586	5.333341
25	27	13	0.877640	13	0.823185
25	28	185	0.899387	185	0.664012
25	29	185	0.298918	790	0.154742
25	30	40	0.730339	40	0.796978
25	31	2126	0.320814	2126	0.307481
26	0	2685	1.540707	2685	1.364211
26	1	11	0.423067	1373	0.107292
26	2	1373	0.540573	1373	0.555228
26	3	2685	3.207155	2685	2.842080
26	4	2602	4.197515	2602	4.238050
26	5	2685	4.199581	2685	4.059244
26	6	21479	0.884420	21479	0.249855
26	7	34550	4.658182	34550	5.001579
26	8	13	2.265556	13	1.976620
26	9	185	0.559578	185	0.478788
26	10	185	1.047984	185	0.498535
26	11	549	1.517570	549	1.369729
26	12	7742	2.862761	7742	3.177866
26	13	4343	3.325829	4343	3.177047
26	14	280	4.483366	280	4.927574
26	15	34550	1.114258	34550	0.804079
26	16	317	2.997341	317	3.361119
26	17	839	0.097254	2685	1.301969
26	18	11	0.897339	11	0.704234
26	19	1373	3.570251	1373	4.023890
26	20	2685	4.620689	2685	4.789445
26	21	2602	2.540451	2602	2.831761
26	22	2685	7.262623	2685	7.695706
26	23	21479	4.919132	21479	5.102287
26	24	34550	7.984501	34550	8.358477
26	25	13	6.528294	13	6.813083
26	26	185	2.461321	185	2.025296
26	27	185	1.254906	185	2.452671
26	28	549	1.242927	549	0.853344
26	29	7742	4.249315	7742	4.426440
26	30	4343	5.441717	4343	5.796475
26	31	280	4.888594	280	4.609306
27	0	254	0.386179	254	0.345220
27	1	4182	0.246853	4182	0.370270
27	2	11102	0.438417	7503	0.317425
27	3	11102	1.329359	11102	1.428559
27	4	1761	2.445526	1761	2.606310
27	5	6282	1.540516	6282	1.407268
27	6	1116	12.641768	1116	12.515118
27	7	13	8.853252	13	8.988655
27	8	71	6.619625	71	6.118361
27	9	13	1.382254	13	1.386363
27	10	809	0.285225	809	0.302774
27	11	317	2.198145	317	2.291610
27	12	245	1.801319	245	1.751746
27	13	7503	0.686663	7503	0.942834
27	14	1157	5.090572	1157	4.860581
27	15	344	0.568047	344	0.993557
27	16	317	0.743946	317	0.837572
27	17	1222	1.911110	1222	2.174784
27	18	276	2.070236	276	2.033084
27	19	3640	0.151466	3640	0.146188
27	20	254	0.381676	254	0.284088
27	21	2827	1.951935	2827	2.098101
27	22	276	0.488594	276	0.245932
27	23	254	4.161041	254	4.046333
27	24	4182	3.196148	4182	3.207507
27	25	2827	7.562288	2827	8.264535
27	26	3710	3.497341	3710	3.352326
27	27	11	0.175213	11	0.128583
27	28	4308	0.288910	4308	0.019441
27	29	254	3.025932	254	2.974369
27	30	6800	1.191364	6800	1.419057
27	31	13	0.897011	13	0.485892
28	0	2240	0.605274	2240	0.384194
28	1	82586	0.578979	82586	0.563005
28	2	636	1.705690	636	1.708776
28	3	280	0.175272	280	0.404950
28	4	7812	1.266497	7812	1.429423
28	5	11	0.326052	11	0.403621
28	6	548	1.978947	548	2.102033
28	7	359	0.619642	359	0.656629
28	8	839	0.115210	839	0.402053
28	9	5982	0.723591	5982	0.738656
28	10	10112	0.290798	10112	0.362323
28	11	1245	1.591970	1245	0.809739
28	12	279	1.414406	279	1.515039
28	13	13	2.011686	13	1.930237
28	14	185	0.009264	429	0.112643
28	15	6982	0.228373	6982	0.082467
28	16	11476	7.310486	11476	7.214396
28	17	280	0.656748	280	0.748657
28	18	7812	7.310030	7812	7.100887
28	19	317	1.135080	317	1.100403
28	20	245	0.060085	245	0.177518
28	21	4077	2.779142	4077	2.956692
28	22	280	8.035128	280	8.249603
28	23	92063	3.233732	92063	3.067044
28	24	1401	0.563826	1401	0.613706
28	25	276	1.271767	276	0.167478
28	26	4088	2.971731	4088	2.497390
28	27	254	5.597031	254	6.431688
28	28	10112	1.503725	10112	1.626023
28	29	22490	3.979195	22490	4.405982
28	30	473	0.137733	473	1.317469
28	31	254	0.463999	254	0.730088
29	0	207	1.144196	207	0.962243
29	1	23	1.724901	23	1.070623
29	2	9811	2.134918	9811	1.999242
29	3	13	1.477793	13	1.585463
29	4	185	0.943357	185	0.859665
29	5	185	1.513527	185	1.511647
29	6	32	0.404666	32	0.195168
29	7	12457	0.070253	2683	0.026355
29	8	317	0.232458	317	0.125700
29	9	245	1.436621	245	1.415908
29	10	5606	1.536234	5606	1.657075
29	11	280	9.529627	280	10.534325
29	12	6583	6.931637	6583	7.683952
29	13	1757	6.728258	1757	6.147923
29	14	344	3.001007	344	3.027504
29	15	1094	3.479515	1094	3.865361
29	16	12439	2.367718	12439	1.850192
29	17	10663	7.230677	10663	6.898336
29	18	280	10.394405	280	9.791804
29	19	207	1.368301	207	1.798371
29	20	23	11.136425	23	10.794949
29	21	9811	3.227852	9811	3.472840
29	22	13	6.405703	13	6.421441
29	23	3159	0.846560	3159	1.112926
29	24	11	6.577429	11	7.008317
29	25	745	2.715179	745	2.777004
29	26	418	5.678991	418	5.562008
29	27	750	0.106148	3073	1.382452
29	28	17442	1.205687	17442	1.309522
29	29	1066	0.832767	1066	1.781715
29	30	245	0.785170	245	1.840552
29	31	12457	5.060884	12457	5.593528
30	0	8660	2.603865	8660	2.694336
30	1	23768	4.959007	23768	4.992318
30	2	13	0.956280	13	1.210031
30	3	1063	0.476503	1063	0.461063
30	4	438	1.599028	438	1.577302
30	5	7722	0.227877	7722	0.377416
30	6	331	0.813442	331	0.753055
30	7	6511	3.777287	6511	3.820326
30	8	207	6.778883	207	6.805591
30	9	17	3.615065	17	4.809756
30	10	21	0.219501	21	0.338354
30	11	11	5.541077	11	5.139635
30	12	207	5.448812	207	5.502281
30	13	16	9.097321	16	9.150235
30	14	20	9.553282	20	9.255696
30	15	21	8.749874	21	8.902879
30	16	19	9.493650	19	9.543994
30	17	11	2.205956	11	2.191188
30	18	279	2.967403	279	2.731066
30	19	90262	5.286839	90262	5.509422
30	20	12	7.427279	12	7.521172
30	21	12758	4.575140	12758	4.561030
30	22	12	7.897026	12	7.846316
30	23	11983	6.093370	11983	5.828528
30	24	249	12.507061	249	12.501927
30	25	11	3.362803	11	3.273662
30	26	6435	3.929527	6435	4.081431
30	27	13	1.173145	13	1.231957
30	28	23768	0.890633	23768	0.995616
30	29	317	1.254669	317	1.452443
30	30	13587	1.325270	13587	1.562372
30	31	15102	0.686316	15102	0.634638
31	0	330	0.811874	330	0.830155
31	1	1079	0.147495	1079	0.128333
31	2	4977	0.566250	4977	0.635481
31	3	13	1.908455	13	1.816972
31	4	185	0.253124	185	0.319651
31	5	185	1.734158	185	1.744656
31	6	1847	0.116236	1847	0.026814
31	7	463	0.176636	463	0.155657
31	8	245	0.246922	245	0.198324
31	9	1860	0.161039	1860	0.159020
31	10	7254	1.597097	7254	1.916108
31	11	327	1.666676	327	1.741307
31	12	437	1.350361	437	1.487984
31	13	13	0.855635	13	0.985659
31	14	185	0.010885	185	0.287154
31	15	185	4.290735	185	4.266620
31	16	16	1.568789	16	1.714695
31	17	13	1.787834	13	1.682732
31	18	304	0.876440	304	0.718745
31	19	2126	0.228687	2126	0.404637
31	20	254	0.906815	254	0.853145
31	21	9748	1.426098	9748	1.306052
31	22	13	1.967922	13	1.982193
31	23	185	0.293835	185	0.556628
31	24	17	0.493835	17	0.504836
31	25	13	8.108768	13	7.900039
31	26	304	0.395117	304	0.540807
31	27	2126	0.230091	2126	0.454152
31	28	254	1.177485	254	1.235272
31	29	9748	0.112453	9748	0.186576
31	30	1373	0.191376	1373	0.267234
31	31	359	1.731308	359	1.637923
32	0	440	0.279785	440	0.422838
32	1	98571	0.333579	30165	0.167188
32	2	12	1.208565	12	1.274097
32	3	29733	4.156334	29733	4.187750
32	4	883	0.313599	883	0.109562
32	5	185	2.145639	185	2.000855
32	6	185	2.681739	185	2.354356
32	7	549	0.764603	549	0.827465
32	8	11018	2.010258	11018	1.889914
32	9	12	3.749554	12	4.084332
32	10	29733	5.571424	29733	6.283961
32	11	6263	2.048782	6263	2.420067
32	12	317	1.317135	317	1.177455
32	13	245	0.305120	245	0.442661
32	14	207	0.063183	2976	0.161082
32	15	12	1.522198	12	2.134676
32	16	2834	3.202606	2834	3.130173
32	17	5379	1.323370	5379	1.449067
32	18	12357	2.168596	12357	2.088196
32	19	344	0.491756	344	0.374562
32	20	317	0.219149	317	0.218027
32	21	1222	0.194569	1222	0.308446
32	22	279	0.753075	279	0.761734
32	23	254	1.355791	254	1.143315
32	24	56123	1.601244	56123	1.729821
32	25	2019	0.048050	2019	0.280201
32	26	13	1.351667	13	1.309404
32	27	809	0.312502	809	0.076741
32	28	317	1.374622	317	1.389215
32	29	5405	1.568253	5405	1.448085
32	30	276	4.719627	276	4.345154
32	31	6428	2.099949	6428	1.878945
