date	window	anchor	source	source_sha256	model	file	card	setup	arm	engine	engine_build	flags	metric	size	value	rounds	clean_rounds	tags	status	status_reason	bloomery_commit
2026-09-28	2026-09-28/v41	log/2026-09-28.md#v41-release	v41.log	7342abe382b5b4e0	DeepSeek-V4.1-Flash	DeepSeek-V4.1-Flash-Q3_K_M-00001-of-00009.gguf	RTX A6000	prompt=lcg hot=none place=a stats=off	ours	bloomery	generate_ds41 8ca74175aa5b	(--place a, default ctx)	decode	6	29.655	2	0	cpu-busy 2/2; no-clean-round	provisional	llama.cpp through llama-bench, cold rows; its prompt arms at -nopo 1 only; bloomery rows carry the runner's [cpu-busy] self-count (runner defect, fix in train 7); retaken after the fix	53e2def
2026-09-28	2026-09-28/v41	log/2026-09-28.md#v41-release	v41.log	7342abe382b5b4e0	DeepSeek-V4.1-Flash	DeepSeek-V4.1-Flash-Q3_K_M-00001-of-00009.gguf	RTX A6000	prompt=lcg hot=none place=a stats=off	ours	bloomery	generate_ds41 8ca74175aa5b	(--place a, default ctx)	decode	512	29.580	2	0	cpu-busy 2/2; no-clean-round	provisional	llama.cpp through llama-bench, cold rows; its prompt arms at -nopo 1 only; bloomery rows carry the runner's [cpu-busy] self-count (runner defect, fix in train 7); retaken after the fix	53e2def
2026-09-28	2026-09-28/v41	log/2026-09-28.md#v41-release	v41.log	7342abe382b5b4e0	DeepSeek-V4.1-Flash	DeepSeek-V4.1-Flash-Q3_K_M-00001-of-00009.gguf	RTX A6000	prompt=lcg hot=none place=a stats=off	ours	bloomery	generate_ds41 8ca74175aa5b	(--place a, default ctx); feed=batch	prompt	512	190.625	2	0	cpu-busy 2/2; no-clean-round	provisional	llama.cpp through llama-bench, cold rows; its prompt arms at -nopo 1 only; bloomery rows carry the runner's [cpu-busy] self-count (runner defect, fix in train 7); retaken after the fix	53e2def
2026-09-28	2026-09-28/v41	log/2026-09-28.md#v41-release	v41.log	7342abe382b5b4e0	DeepSeek-V4.1-Flash	DeepSeek-V4.1-Flash-Q3_K_M-00001-of-00009.gguf	RTX A6000	prompt=lcg hot=none place=a stats=off	ours	bloomery	generate_ds41 8ca74175aa5b	(--place a, default ctx)	decode	4096	30.040	2	0	cpu-busy 2/2; no-clean-round	provisional	llama.cpp through llama-bench, cold rows; its prompt arms at -nopo 1 only; bloomery rows carry the runner's [cpu-busy] self-count (runner defect, fix in train 7); retaken after the fix	53e2def
2026-09-28	2026-09-28/v41	log/2026-09-28.md#v41-release	v41.log	7342abe382b5b4e0	DeepSeek-V4.1-Flash	DeepSeek-V4.1-Flash-Q3_K_M-00001-of-00009.gguf	RTX A6000	prompt=lcg hot=none place=a stats=off	ours	bloomery	generate_ds41 8ca74175aa5b	(--place a, default ctx); feed=batch	prompt	4096	358.370	2	0	cpu-busy 2/2; no-clean-round	provisional	llama.cpp through llama-bench, cold rows; its prompt arms at -nopo 1 only; bloomery rows carry the runner's [cpu-busy] self-count (runner defect, fix in train 7); retaken after the fix	53e2def
2026-09-28	2026-09-28/v41	log/2026-09-28.md#v41-release	v41.log	7342abe382b5b4e0	DeepSeek-V4.1-Flash	DeepSeek-V4.1-Flash-Q3_K_M-00001-of-00009.gguf	RTX A6000	prompt=engine	lcpp	llama.cpp	5210c7c5e (llama.cpp-v41)	-ngl 999 --n-cpu-moe 33 -fa on -t 32 -nopo 1	decode	6	22.750	2	1	cold 1/2	provisional	llama.cpp through llama-bench, cold rows; its prompt arms at -nopo 1 only; bloomery rows carry the runner's [cpu-busy] self-count (runner defect, fix in train 7); retaken after the fix	53e2def
2026-09-28	2026-09-28/v41	log/2026-09-28.md#v41-release	v41.log	7342abe382b5b4e0	DeepSeek-V4.1-Flash	DeepSeek-V4.1-Flash-Q3_K_M-00001-of-00009.gguf	RTX A6000	prompt=engine	lcpp	llama.cpp	5210c7c5e (llama.cpp-v41)	-ngl 999 --n-cpu-moe 33 -fa on -t 32 -nopo 1	decode	4096	21.780	2	1	cold 1/2	provisional	llama.cpp through llama-bench, cold rows; its prompt arms at -nopo 1 only; bloomery rows carry the runner's [cpu-busy] self-count (runner defect, fix in train 7); retaken after the fix	53e2def
2026-09-28	2026-09-28/v41	log/2026-09-28.md#v41-release	v41.log	7342abe382b5b4e0	DeepSeek-V4.1-Flash	DeepSeek-V4.1-Flash-Q3_K_M-00001-of-00009.gguf	RTX A6000	prompt=engine	lcpppp	llama.cpp	5210c7c5e (llama.cpp-v41)	-ngl 999 --n-cpu-moe 33 -fa on -t 32 -nopo 1; -ub 512 -b 2048	prompt	512	105.340	2	1	cold 1/2	provisional	llama.cpp through llama-bench, cold rows; its prompt arms at -nopo 1 only; bloomery rows carry the runner's [cpu-busy] self-count (runner defect, fix in train 7); retaken after the fix	53e2def
2026-09-28	2026-09-28/v41	log/2026-09-28.md#v41-release	v41.log	7342abe382b5b4e0	DeepSeek-V4.1-Flash	DeepSeek-V4.1-Flash-Q3_K_M-00001-of-00009.gguf	RTX A6000	prompt=engine	lcpppp4096	llama.cpp	5210c7c5e (llama.cpp-v41)	-ngl 999 --n-cpu-moe 33 -fa on -t 32 -nopo 1; -ub 4096 -b 4096 (from the arm's name)	prompt	4096	FAIL	2	0	fail r0,r1,r2 rc=1	provisional	llama.cpp through llama-bench, cold rows; its prompt arms at -nopo 1 only; bloomery rows carry the runner's [cpu-busy] self-count (runner defect, fix in train 7); retaken after the fix	53e2def
2026-09-28	2026-09-28/v41	log/2026-09-28.md#v41-release	v41.log	7342abe382b5b4e0	DeepSeek-V4.1-Flash	DeepSeek-V4.1-Flash-Q3_K_M-00001-of-00009.gguf	RTX A6000	prompt=engine	lcppfit	llama.cpp	5210c7c5e (llama.cpp-v41)	-fa on -t 32 -nopo 1 -fitt 1024 -v	decode	6	19.430	2	0	cold 2/2; no-clean-round	provisional	llama.cpp through llama-bench, cold rows; its prompt arms at -nopo 1 only; bloomery rows carry the runner's [cpu-busy] self-count (runner defect, fix in train 7); retaken after the fix	53e2def
2026-09-28	2026-09-28/v41	log/2026-09-28.md#v41-release	v41.log	7342abe382b5b4e0	DeepSeek-V4.1-Flash	DeepSeek-V4.1-Flash-Q3_K_M-00001-of-00009.gguf	RTX A6000	prompt=engine	lcppfit	llama.cpp	5210c7c5e (llama.cpp-v41)	-fa on -t 32 -nopo 1 -fitt 1024 -v	decode	4096	19.815	2	0	cold 2/2; no-clean-round	provisional	llama.cpp through llama-bench, cold rows; its prompt arms at -nopo 1 only; bloomery rows carry the runner's [cpu-busy] self-count (runner defect, fix in train 7); retaken after the fix	53e2def
2026-09-28	2026-09-28/v41	log/2026-09-28.md#v41-release	v41.log	7342abe382b5b4e0	DeepSeek-V4.1-Flash	DeepSeek-V4.1-Flash-Q3_K_M-00001-of-00009.gguf	RTX A6000	prompt=engine	lcppppfit	llama.cpp	5210c7c5e (llama.cpp-v41)	-fa on -t 32 -nopo 1 -fitt 1024 -v; -ub 512 -b 2048	prompt	512	104.520	2	2	-	provisional	llama.cpp through llama-bench, cold rows; its prompt arms at -nopo 1 only; bloomery rows carry the runner's [cpu-busy] self-count (runner defect, fix in train 7); retaken after the fix	53e2def
2026-09-28	2026-09-28/v41	log/2026-09-28.md#v41-release	v41.log	7342abe382b5b4e0	DeepSeek-V4.1-Flash	DeepSeek-V4.1-Flash-Q3_K_M-00001-of-00009.gguf	RTX A6000	prompt=engine	lcppppfit4096	llama.cpp	5210c7c5e (llama.cpp-v41)	-fa on -t 32 -nopo 1 -fitt 1024 -v; -ub 4096 -b 4096	prompt	4096	77.470	2	0	cold 2/2; no-clean-round	provisional	llama.cpp through llama-bench, cold rows; its prompt arms at -nopo 1 only; bloomery rows carry the runner's [cpu-busy] self-count (runner defect, fix in train 7); retaken after the fix	53e2def
2026-09-28	2026-09-28/v41-resit	log/2026-09-28.md#v41-release	v41resit.log	86b3fecb976d0d91	DeepSeek-V4.1-Flash	DeepSeek-V4.1-Flash-Q3_K_M-00001-of-00009.gguf	RTX A6000	prompt=engine	lcpp	llama.cpp	5210c7c5e (llama.cpp-v41)	-ngl 999 --n-cpu-moe 33 -fa on -t 32 -nopo 1	decode	6	20.647	3	0	cold 3/3; no-clean-round	provisional	llama.cpp through llama-bench, cold rows; its prompt arms at -nopo 1 only	ebed521
2026-09-28	2026-09-28/v41-resit	log/2026-09-28.md#v41-release	v41resit.log	86b3fecb976d0d91	DeepSeek-V4.1-Flash	DeepSeek-V4.1-Flash-Q3_K_M-00001-of-00009.gguf	RTX A6000	prompt=engine	lcpp	llama.cpp	5210c7c5e (llama.cpp-v41)	-ngl 999 --n-cpu-moe 33 -fa on -t 32 -nopo 1	decode	4096	19.863	3	0	cold 3/3; no-clean-round	provisional	llama.cpp through llama-bench, cold rows; its prompt arms at -nopo 1 only	ebed521
2026-09-28	2026-09-28/v41-resit	log/2026-09-28.md#v41-release	v41resit.log	86b3fecb976d0d91	DeepSeek-V4.1-Flash	DeepSeek-V4.1-Flash-Q3_K_M-00001-of-00009.gguf	RTX A6000	prompt=engine	lcpppp	llama.cpp	5210c7c5e (llama.cpp-v41)	-ngl 999 --n-cpu-moe 33 -fa on -t 32 -nopo 1; -ub 512 -b 2048	prompt	512	104.910	3	1	cold 2/3	provisional	llama.cpp through llama-bench, cold rows; its prompt arms at -nopo 1 only	ebed521
2026-09-28	2026-09-28/v41-resit	log/2026-09-28.md#v41-release	v41resit.log	86b3fecb976d0d91	DeepSeek-V4.1-Flash	DeepSeek-V4.1-Flash-Q3_K_M-00001-of-00009.gguf	RTX A6000	prompt=engine	lcpppp	llama.cpp	5210c7c5e (llama.cpp-v41)	-ngl 999 --n-cpu-moe 33 -fa on -t 32 -nopo 1; -ub 512 -b 2048	prompt	4096	76.503	3	0	cold 3/3; no-clean-round	provisional	llama.cpp through llama-bench, cold rows; its prompt arms at -nopo 1 only	ebed521
2026-09-28	2026-09-28/v41-resit	log/2026-09-28.md#v41-release	v41resit.log	86b3fecb976d0d91	DeepSeek-V4.1-Flash	DeepSeek-V4.1-Flash-Q3_K_M-00001-of-00009.gguf	RTX A6000	prompt=engine	lcppfit	llama.cpp	5210c7c5e (llama.cpp-v41)	-fa on -t 32 -nopo 1 -fitt 1024 -v	decode	6	20.747	3	0	cold 3/3; no-clean-round	provisional	llama.cpp through llama-bench, cold rows; its prompt arms at -nopo 1 only	ebed521
2026-09-28	2026-09-28/v41-resit	log/2026-09-28.md#v41-release	v41resit.log	86b3fecb976d0d91	DeepSeek-V4.1-Flash	DeepSeek-V4.1-Flash-Q3_K_M-00001-of-00009.gguf	RTX A6000	prompt=engine	lcppfit	llama.cpp	5210c7c5e (llama.cpp-v41)	-fa on -t 32 -nopo 1 -fitt 1024 -v	decode	4096	19.820	3	0	cold 3/3; no-clean-round	provisional	llama.cpp through llama-bench, cold rows; its prompt arms at -nopo 1 only	ebed521
2026-09-28	2026-09-28/v41-resit	log/2026-09-28.md#v41-release	v41resit.log	86b3fecb976d0d91	DeepSeek-V4.1-Flash	DeepSeek-V4.1-Flash-Q3_K_M-00001-of-00009.gguf	RTX A6000	prompt=engine	lcppppfit	llama.cpp	5210c7c5e (llama.cpp-v41)	-fa on -t 32 -nopo 1 -fitt 1024 -v; -ub 512 -b 2048	prompt	512	104.200	3	1	cold 2/3	provisional	llama.cpp through llama-bench, cold rows; its prompt arms at -nopo 1 only	ebed521
2026-09-28	2026-09-28/v41-resit	log/2026-09-28.md#v41-release	v41resit.log	86b3fecb976d0d91	DeepSeek-V4.1-Flash	DeepSeek-V4.1-Flash-Q3_K_M-00001-of-00009.gguf	RTX A6000	prompt=engine	lcppppfit	llama.cpp	5210c7c5e (llama.cpp-v41)	-fa on -t 32 -nopo 1 -fitt 1024 -v; -ub 512 -b 2048	prompt	4096	76.227	3	0	cold 3/3; no-clean-round	provisional	llama.cpp through llama-bench, cold rows; its prompt arms at -nopo 1 only	ebed521
2026-09-28	2026-09-28/e21ref	log/2026-09-28.md#e21ref-release	e21ref.log	42c7535655aaf0d1	DeepSeek-V4.1-Flash	DeepSeek-V4.1-Flash-Q3_K_M-00001-of-00009.gguf	RTX 3090	prompt=lcg hot=hotlist-384.txt place=gate stats=off	ours	bloomery	generate_ds41 8ca74175aa5b	(--place gate, default ctx)	decode	6	28.140	2	0	cpu-busy 2/2; no-clean-round	provisional	bloomery rows carry the runner's [cpu-busy] self-count (runner defect, fix in train 7); retaken after the fix	53e2def
2026-09-28	2026-09-28/e21ref	log/2026-09-28.md#e21ref-release	e21ref.log	42c7535655aaf0d1	DeepSeek-V4.1-Flash	DeepSeek-V4.1-Flash-Q3_K_M-00001-of-00009.gguf	RTX 3090	prompt=lcg hot=hotlist-384.txt place=gate stats=off	ours	bloomery	generate_ds41 8ca74175aa5b	(--place gate, default ctx)	decode	4096	28.920	2	0	cpu-busy 2/2; no-clean-round	provisional	bloomery rows carry the runner's [cpu-busy] self-count (runner defect, fix in train 7); retaken after the fix	53e2def
2026-09-28	2026-09-28/e21ref	log/2026-09-28.md#e21ref-release	e21ref.log	42c7535655aaf0d1	DeepSeek-V4.1-Flash	DeepSeek-V4.1-Flash-Q3_K_M-00001-of-00009.gguf	RTX 3090	prompt=lcg hot=hotlist-384.txt place=gate stats=off	ours	bloomery	generate_ds41 8ca74175aa5b	(--place gate, default ctx); feed=batch	prompt	4096	329.305	2	0	cpu-busy 2/2; no-clean-round	provisional	bloomery rows carry the runner's [cpu-busy] self-count (runner defect, fix in train 7); retaken after the fix	53e2def
2026-09-28	2026-09-28/e21ref	log/2026-09-28.md#e21ref-release	e21ref.log	42c7535655aaf0d1	DeepSeek-V4.1-Flash	DeepSeek-V4.1-Flash-Q3_K_M-00001-of-00009.gguf	RTX 3090	prompt=engine	lcpp	llama.cpp	5210c7c5e (llama.cpp-v41)	-ngl 999 --n-cpu-moe 37 -fa on -t 32 -nopo 1	decode	6	21.590	2	2	-	provisional	bloomery rows carry the runner's [cpu-busy] self-count (runner defect, fix in train 7); retaken after the fix	53e2def
2026-09-28	2026-09-28/e21ref	log/2026-09-28.md#e21ref-release	e21ref.log	42c7535655aaf0d1	DeepSeek-V4.1-Flash	DeepSeek-V4.1-Flash-Q3_K_M-00001-of-00009.gguf	RTX 3090	prompt=engine	lcpp	llama.cpp	5210c7c5e (llama.cpp-v41)	-ngl 999 --n-cpu-moe 37 -fa on -t 32 -nopo 1	decode	4096	20.855	2	2	-	provisional	bloomery rows carry the runner's [cpu-busy] self-count (runner defect, fix in train 7); retaken after the fix	53e2def
2026-09-28	2026-09-28/e21ref	log/2026-09-28.md#e21ref-release	e21ref.log	42c7535655aaf0d1	DeepSeek-V4.1-Flash	DeepSeek-V4.1-Flash-Q3_K_M-00001-of-00009.gguf	RTX 3090	prompt=engine	lcpp38	llama.cpp	5210c7c5e (llama.cpp-v41)	-ngl 999 --n-cpu-moe 37 -fa on -t 32 -nopo 1; --n-cpu-moe 38; -ub 38 -b 2048 (from the arm's name)	decode	6	21.495	2	2	-	provisional	bloomery rows carry the runner's [cpu-busy] self-count (runner defect, fix in train 7); retaken after the fix	53e2def
2026-09-28	2026-09-28/q36	log/2026-09-28.md#q36-release	q36.log	06436727b89f1b65	Qwen3.6-35B-A3B	Qwen3.6-35B-A3B-Q4_K_M.gguf	RTX A6000	prompt=lcg	ours	bloomery	generate_qwen3moe 680013bc7eba	ctx=D+N rounded up to 256	decode	6	204.403	3	3	-	clean	-	53e2def
2026-09-28	2026-09-28/q36	log/2026-09-28.md#q36-release	q36.log	06436727b89f1b65	Qwen3.6-35B-A3B	Qwen3.6-35B-A3B-Q4_K_M.gguf	RTX A6000	prompt=engine	lcpp	llama.cpp	53ed051ce (llama.cpp-mainline)	-ngl 99 -fa on	decode	6	163.820	3	3	-	clean	-	53e2def
2026-09-28	2026-09-28/q36	log/2026-09-28.md#q36-release	q36.log	06436727b89f1b65	Qwen3.6-35B-A3B	Qwen3.6-35B-A3B-Q4_K_M.gguf	RTX A6000	prompt=lcg	ours	bloomery	generate_qwen3moe 680013bc7eba	ctx=D+N rounded up to 256	decode	1024	201.607	3	3	-	clean	-	53e2def
2026-09-28	2026-09-28/q36	log/2026-09-28.md#q36-release	q36.log	06436727b89f1b65	Qwen3.6-35B-A3B	Qwen3.6-35B-A3B-Q4_K_M.gguf	RTX A6000	prompt=lcg	ours	bloomery	generate_qwen3moe 680013bc7eba	ctx=D+N rounded up to 256; feed=gemm	prompt	1024	7474.997	3	3	-	clean	-	53e2def
2026-09-28	2026-09-28/q36	log/2026-09-28.md#q36-release	q36.log	06436727b89f1b65	Qwen3.6-35B-A3B	Qwen3.6-35B-A3B-Q4_K_M.gguf	RTX A6000	prompt=engine	lcpp	llama.cpp	53ed051ce (llama.cpp-mainline)	-ngl 99 -fa on	decode	1024	162.753	3	3	-	clean	-	53e2def
2026-09-28	2026-09-28/q36	log/2026-09-28.md#q36-release	q36.log	06436727b89f1b65	Qwen3.6-35B-A3B	Qwen3.6-35B-A3B-Q4_K_M.gguf	RTX A6000	prompt=lcg	ours	bloomery	generate_qwen3moe 680013bc7eba	ctx=D+N rounded up to 256	decode	4096	195.820	3	3	-	clean	-	53e2def
2026-09-28	2026-09-28/q36	log/2026-09-28.md#q36-release	q36.log	06436727b89f1b65	Qwen3.6-35B-A3B	Qwen3.6-35B-A3B-Q4_K_M.gguf	RTX A6000	prompt=lcg	ours	bloomery	generate_qwen3moe 680013bc7eba	ctx=D+N rounded up to 256; feed=gemm	prompt	4096	8310.740	3	3	-	clean	-	53e2def
2026-09-28	2026-09-28/q36	log/2026-09-28.md#q36-release	q36.log	06436727b89f1b65	Qwen3.6-35B-A3B	Qwen3.6-35B-A3B-Q4_K_M.gguf	RTX A6000	prompt=engine	lcpp	llama.cpp	53ed051ce (llama.cpp-mainline)	-ngl 99 -fa on	decode	4096	159.160	3	3	-	clean	-	53e2def
2026-09-28	2026-09-28/q36	log/2026-09-28.md#q36-release	q36.log	06436727b89f1b65	Qwen3.6-35B-A3B	Qwen3.6-35B-A3B-Q4_K_M.gguf	RTX A6000	prompt=lcg	ours	bloomery	generate_qwen3moe 680013bc7eba	ctx=D+N rounded up to 256	decode	512	202.740	3	3	-	clean	-	53e2def
2026-09-28	2026-09-28/q36	log/2026-09-28.md#q36-release	q36.log	06436727b89f1b65	Qwen3.6-35B-A3B	Qwen3.6-35B-A3B-Q4_K_M.gguf	RTX A6000	prompt=lcg	ours	bloomery	generate_qwen3moe 680013bc7eba	ctx=D+N rounded up to 256; feed=gemm	prompt	512	6464.477	3	3	-	clean	-	53e2def
2026-09-28	2026-09-28/q36	log/2026-09-28.md#q36-release	q36.log	06436727b89f1b65	Qwen3.6-35B-A3B	Qwen3.6-35B-A3B-Q4_K_M.gguf	RTX A6000	prompt=engine	lcpppp	llama.cpp	53ed051ce (llama.cpp-mainline)	-ngl 99 -fa on; -ub 512 -b 2048	prompt	512	3225.173	3	3	-	clean	-	53e2def
2026-09-28	2026-09-28/q36	log/2026-09-28.md#q36-release	q36.log	06436727b89f1b65	Qwen3.6-35B-A3B	Qwen3.6-35B-A3B-Q4_K_M.gguf	RTX A6000	prompt=engine	lcpppp	llama.cpp	53ed051ce (llama.cpp-mainline)	-ngl 99 -fa on; -ub 512 -b 2048	prompt	4096	3377.730	3	3	-	clean	-	53e2def
2026-09-28	2026-09-28/q36	log/2026-09-28.md#q36-release	q36.log	06436727b89f1b65	Qwen3.6-35B-A3B	Qwen3.6-35B-A3B-Q4_K_M.gguf	RTX A6000	prompt=engine	lcpppp4096	llama.cpp	53ed051ce (llama.cpp-mainline)	-ngl 99 -fa on; -ub 4096 -b 4096	prompt	4096	5036.033	3	3	-	clean	-	53e2def
2026-09-28	2026-09-28/q36	log/2026-09-28.md#q36-release	q36.log	06436727b89f1b65	Qwen3.6-35B-A3B	Qwen3.6-35B-A3B-Q4_K_M.gguf	RTX A6000	prompt=engine	lcppfit	llama.cpp	53ed051ce (llama.cpp-mainline)	-fa on -fitt 1024 -v	decode	6	163.313	3	3	-	clean	-	53e2def
2026-09-28	2026-09-28/q36	log/2026-09-28.md#q36-release	q36.log	06436727b89f1b65	Qwen3.6-35B-A3B	Qwen3.6-35B-A3B-Q4_K_M.gguf	RTX A6000	prompt=engine	lcppppfit4096	llama.cpp	53ed051ce (llama.cpp-mainline)	-fa on -fitt 1024 -v; -ub 4096 -b 4096	prompt	4096	5033.457	3	3	-	clean	-	53e2def
2026-09-28	2026-09-28/q36	log/2026-09-28.md#q36-release	q36.log	06436727b89f1b65	Qwen3.6-35B-A3B	Qwen3.6-35B-A3B-Q4_K_M.gguf	RTX A6000	prompt=engine	mrs	mistral.rs	d5ae0f18f dirty_files=1 (mistral.rs)	--format gguf	decode	6	114.500	3	3	-	clean	-	53e2def
2026-09-28	2026-09-28/q36	log/2026-09-28.md#q36-release	q36.log	06436727b89f1b65	Qwen3.6-35B-A3B	Qwen3.6-35B-A3B-Q4_K_M.gguf	RTX A6000	prompt=engine	mrs	mistral.rs	d5ae0f18f dirty_files=1 (mistral.rs)	--format gguf	decode	4096	110.333	3	3	-	clean	-	53e2def
2026-09-28	2026-09-28/q36	log/2026-09-28.md#q36-release	q36.log	06436727b89f1b65	Qwen3.6-35B-A3B	Qwen3.6-35B-A3B-Q4_K_M.gguf	RTX A6000	prompt=engine	mrspp	mistral.rs	d5ae0f18f dirty_files=1 (mistral.rs)	--format gguf	prompt	512	3694.700	3	3	-	clean	-	53e2def
2026-09-28	2026-09-28/q38	log/2026-09-28.md#q38-release	q38.log	ffae8db89d5dc429	Qwen3.8-Flash-Next	Qwen3.8-Flash-Next-UD-Q4_K_XL-00001-of-00004.gguf	RTX A6000	prompt=lcg	ours	bloomery	generate_qwen3moe 680013bc7eba	ctx=D+N rounded up to 256	decode	6	40.460	3	2	cold 1/3	provisional	bloomery's round 1 is cold (PLE table)	53e2def
2026-09-28	2026-09-28/q38	log/2026-09-28.md#q38-release	q38.log	ffae8db89d5dc429	Qwen3.8-Flash-Next	Qwen3.8-Flash-Next-UD-Q4_K_XL-00001-of-00004.gguf	RTX A6000	prompt=engine	lcpp	llama.cpp	53ed051ce (llama.cpp-mainline)	-ngl 99 -fa on -lzm off -ncmoe 26 -t 32	decode	6	44.680	3	3	-	provisional	bloomery's round 1 is cold (PLE table)	53e2def
2026-09-28	2026-09-28/q38	log/2026-09-28.md#q38-release	q38.log	ffae8db89d5dc429	Qwen3.8-Flash-Next	Qwen3.8-Flash-Next-UD-Q4_K_XL-00001-of-00004.gguf	RTX A6000	prompt=lcg	ours	bloomery	generate_qwen3moe 680013bc7eba	ctx=D+N rounded up to 256	decode	512	40.385	3	2	cold 1/3	provisional	bloomery's round 1 is cold (PLE table)	53e2def
2026-09-28	2026-09-28/q38	log/2026-09-28.md#q38-release	q38.log	ffae8db89d5dc429	Qwen3.8-Flash-Next	Qwen3.8-Flash-Next-UD-Q4_K_XL-00001-of-00004.gguf	RTX A6000	prompt=lcg	ours	bloomery	generate_qwen3moe 680013bc7eba	ctx=D+N rounded up to 256; feed=pass	prompt	512	105.685	3	2	cold 1/3	provisional	bloomery's round 1 is cold (PLE table)	53e2def
2026-09-28	2026-09-28/q38	log/2026-09-28.md#q38-release	q38.log	ffae8db89d5dc429	Qwen3.8-Flash-Next	Qwen3.8-Flash-Next-UD-Q4_K_XL-00001-of-00004.gguf	RTX A6000	prompt=engine	lcpppp	llama.cpp	53ed051ce (llama.cpp-mainline)	-ngl 99 -fa on -lzm off -ncmoe 26 -t 32; -ub 512 -b 2048	prompt	512	340.357	3	3	-	provisional	bloomery's round 1 is cold (PLE table)	53e2def
2026-09-28	2026-09-28/q38	log/2026-09-28.md#q38-release	q38.log	ffae8db89d5dc429	Qwen3.8-Flash-Next	Qwen3.8-Flash-Next-UD-Q4_K_XL-00001-of-00004.gguf	RTX A6000	prompt=lcg	ours	bloomery	generate_qwen3moe 680013bc7eba	ctx=D+N rounded up to 256	decode	1024	40.900	3	2	excluded r1	provisional	bloomery's round 1 is cold (PLE table); excluded r1: round 1 read cold PLE-table rows (read-around faults the 75 µs price left untagged); rig-log q38-release correction	53e2def
2026-09-28	2026-09-28/q38	log/2026-09-28.md#q38-release	q38.log	ffae8db89d5dc429	Qwen3.8-Flash-Next	Qwen3.8-Flash-Next-UD-Q4_K_XL-00001-of-00004.gguf	RTX A6000	prompt=lcg	ours	bloomery	generate_qwen3moe 680013bc7eba	ctx=D+N rounded up to 256; feed=pass	prompt	1024	105.167	3	3	-	provisional	bloomery's round 1 is cold (PLE table)	53e2def
2026-09-28	2026-09-28/q38	log/2026-09-28.md#q38-release	q38.log	ffae8db89d5dc429	Qwen3.8-Flash-Next	Qwen3.8-Flash-Next-UD-Q4_K_XL-00001-of-00004.gguf	RTX A6000	prompt=engine	lcpp	llama.cpp	53ed051ce (llama.cpp-mainline)	-ngl 99 -fa on -lzm off -ncmoe 26 -t 32	decode	1024	44.030	3	3	-	provisional	bloomery's round 1 is cold (PLE table)	53e2def
2026-09-28	2026-09-28/q38	log/2026-09-28.md#q38-release	q38.log	ffae8db89d5dc429	Qwen3.8-Flash-Next	Qwen3.8-Flash-Next-UD-Q4_K_XL-00001-of-00004.gguf	RTX A6000	prompt=lcg	ours	bloomery	generate_qwen3moe 680013bc7eba	ctx=D+N rounded up to 256	decode	3000	40.105	3	2	excluded r1	provisional	bloomery's round 1 is cold (PLE table); excluded r1: round 1 read cold PLE-table rows (read-around faults the 75 µs price left untagged); rig-log q38-release correction	53e2def
2026-09-28	2026-09-28/q38	log/2026-09-28.md#q38-release	q38.log	ffae8db89d5dc429	Qwen3.8-Flash-Next	Qwen3.8-Flash-Next-UD-Q4_K_XL-00001-of-00004.gguf	RTX A6000	prompt=lcg	ours	bloomery	generate_qwen3moe 680013bc7eba	ctx=D+N rounded up to 256; feed=pass	prompt	3000	103.393	3	3	-	provisional	bloomery's round 1 is cold (PLE table)	53e2def
2026-09-28	2026-09-28/q38	log/2026-09-28.md#q38-release	q38.log	ffae8db89d5dc429	Qwen3.8-Flash-Next	Qwen3.8-Flash-Next-UD-Q4_K_XL-00001-of-00004.gguf	RTX A6000	prompt=engine	lcpp	llama.cpp	53ed051ce (llama.cpp-mainline)	-ngl 99 -fa on -lzm off -ncmoe 26 -t 32	decode	3000	43.210	3	3	-	provisional	bloomery's round 1 is cold (PLE table)	53e2def
2026-09-28	2026-09-28/q38	log/2026-09-28.md#q38-release	q38.log	ffae8db89d5dc429	Qwen3.8-Flash-Next	Qwen3.8-Flash-Next-UD-Q4_K_XL-00001-of-00004.gguf	RTX A6000	prompt=lcg	ours	bloomery	generate_qwen3moe 680013bc7eba	ctx=D+N rounded up to 256	decode	4096	39.940	3	3	-	provisional	bloomery's round 1 is cold (PLE table)	53e2def
2026-09-28	2026-09-28/q38	log/2026-09-28.md#q38-release	q38.log	ffae8db89d5dc429	Qwen3.8-Flash-Next	Qwen3.8-Flash-Next-UD-Q4_K_XL-00001-of-00004.gguf	RTX A6000	prompt=lcg	ours	bloomery	generate_qwen3moe 680013bc7eba	ctx=D+N rounded up to 256; feed=pass	prompt	4096	103.957	3	3	-	provisional	bloomery's round 1 is cold (PLE table)	53e2def
2026-09-28	2026-09-28/q38	log/2026-09-28.md#q38-release	q38.log	ffae8db89d5dc429	Qwen3.8-Flash-Next	Qwen3.8-Flash-Next-UD-Q4_K_XL-00001-of-00004.gguf	RTX A6000	prompt=engine	lcpppp	llama.cpp	53ed051ce (llama.cpp-mainline)	-ngl 99 -fa on -lzm off -ncmoe 26 -t 32; -ub 512 -b 2048	prompt	4096	356.607	3	3	-	provisional	bloomery's round 1 is cold (PLE table)	53e2def
2026-09-28	2026-09-28/q38	log/2026-09-28.md#q38-release	q38.log	ffae8db89d5dc429	Qwen3.8-Flash-Next	Qwen3.8-Flash-Next-UD-Q4_K_XL-00001-of-00004.gguf	RTX A6000	prompt=engine	lcpppp4096	llama.cpp	53ed051ce (llama.cpp-mainline)	-ngl 99 -fa on -lzm off -ncmoe 26 -t 32; -ub 4096 -b 4096	prompt	4096	776.273	3	3	-	provisional	bloomery's round 1 is cold (PLE table)	53e2def
2026-09-28	2026-09-28/q38	log/2026-09-28.md#q38-release	q38.log	ffae8db89d5dc429	Qwen3.8-Flash-Next	Qwen3.8-Flash-Next-UD-Q4_K_XL-00001-of-00004.gguf	RTX A6000	prompt=engine	lcppfit	llama.cpp	53ed051ce (llama.cpp-mainline)	-fa on -lzm off -t 32 -fitt 1024 -v	decode	6	FAIL	0	0	no-row	provisional	bloomery's round 1 is cold (PLE table)	53e2def
2026-09-28	2026-09-28/q38	log/2026-09-28.md#q38-release	q38.log	ffae8db89d5dc429	Qwen3.8-Flash-Next	Qwen3.8-Flash-Next-UD-Q4_K_XL-00001-of-00004.gguf	RTX A6000	prompt=engine	lcppppfit4096	llama.cpp	53ed051ce (llama.cpp-mainline)	-fa on -lzm off -t 32 -fitt 1024 -v; -ub 4096 -b 4096 (from the arm's name)	prompt	4096	FAIL	0	0	no-row	provisional	bloomery's round 1 is cold (PLE table)	53e2def
2026-09-28	2026-09-28/glm	log/2026-09-28.md#glm-release	glm.log	18f29e1cc00548bb	GLM-5.3-Flash	GLM-5.3-Flash-UD-Q4_K_XL-00001-of-00006.gguf	RTX A6000	prompt=prose hot=none place=a	ours	bloomery	generate_glm5next 6ee720014256	--ctx 2048 --place a warm=0 prose=corpus-prose.ids	decode	512	20.950	2	2	-	clean	-	53e2def
2026-09-28	2026-09-28/glm	log/2026-09-28.md#glm-release	glm.log	18f29e1cc00548bb	GLM-5.3-Flash	GLM-5.3-Flash-UD-Q4_K_XL-00001-of-00006.gguf	RTX A6000	prompt=prose hot=none place=a	ours	bloomery	generate_glm5next 6ee720014256	--ctx 2048 --place a warm=0 prose=corpus-prose.ids; feed=steps	prompt	512	20.990	2	2	-	clean	-	53e2def
2026-09-28	2026-09-28/glm	log/2026-09-28.md#glm-release	glm.log	18f29e1cc00548bb	GLM-5.3-Flash	GLM-5.3-Flash-UD-Q4_K_XL-00001-of-00006.gguf	RTX A6000	prompt=prose hot=none place=a	ours	bloomery	generate_glm5next 6ee720014256	--ctx 2048 --place a warm=0 prose=corpus-prose.ids	decode	1024	20.995	2	2	-	clean	-	53e2def
2026-09-28	2026-09-28/glm	log/2026-09-28.md#glm-release	glm.log	18f29e1cc00548bb	GLM-5.3-Flash	GLM-5.3-Flash-UD-Q4_K_XL-00001-of-00006.gguf	RTX A6000	prompt=prose hot=none place=a	ours	bloomery	generate_glm5next 6ee720014256	--ctx 2048 --place a warm=0 prose=corpus-prose.ids; feed=steps	prompt	1024	20.935	2	2	-	clean	-	53e2def
2026-09-28	2026-09-28/glm	log/2026-09-28.md#glm-release	glm.log	18f29e1cc00548bb	GLM-5.3-Flash	GLM-5.3-Flash-UD-Q4_K_XL-00001-of-00006.gguf	RTX A6000	prompt=prose hot=glm5next-hotlist.txt place=a	hot	bloomery	generate_glm5next 6ee720014256	--ctx 2048 --place a warm=0 prose=corpus-prose.ids	decode	512	28.135	2	0	cold 2/2; no-clean-round	lower-bound	every hot-list row is [cold]: whole-process majflt 11.8k at depth 512 and 49.6k at 1024 in both rounds	53e2def
2026-09-28	2026-09-28/glm	log/2026-09-28.md#glm-release	glm.log	18f29e1cc00548bb	GLM-5.3-Flash	GLM-5.3-Flash-UD-Q4_K_XL-00001-of-00006.gguf	RTX A6000	prompt=prose hot=glm5next-hotlist.txt place=a	hot	bloomery	generate_glm5next 6ee720014256	--ctx 2048 --place a warm=0 prose=corpus-prose.ids; feed=steps	prompt	512	28.285	2	0	cold 2/2; no-clean-round	lower-bound	every hot-list row is [cold]: whole-process majflt 11.8k at depth 512 and 49.6k at 1024 in both rounds	53e2def
2026-09-28	2026-09-28/glm	log/2026-09-28.md#glm-release	glm.log	18f29e1cc00548bb	GLM-5.3-Flash	GLM-5.3-Flash-UD-Q4_K_XL-00001-of-00006.gguf	RTX A6000	prompt=prose hot=glm5next-hotlist.txt place=a	hot	bloomery	generate_glm5next 6ee720014256	--ctx 2048 --place a warm=0 prose=corpus-prose.ids	decode	1024	26.770	2	0	cold 2/2; no-clean-round	lower-bound	every hot-list row is [cold]: whole-process majflt 11.8k at depth 512 and 49.6k at 1024 in both rounds	53e2def
2026-09-28	2026-09-28/glm	log/2026-09-28.md#glm-release	glm.log	18f29e1cc00548bb	GLM-5.3-Flash	GLM-5.3-Flash-UD-Q4_K_XL-00001-of-00006.gguf	RTX A6000	prompt=prose hot=glm5next-hotlist.txt place=a	hot	bloomery	generate_glm5next 6ee720014256	--ctx 2048 --place a warm=0 prose=corpus-prose.ids; feed=steps	prompt	1024	27.295	2	0	cold 2/2; no-clean-round	lower-bound	every hot-list row is [cold]: whole-process majflt 11.8k at depth 512 and 49.6k at 1024 in both rounds	53e2def
2026-09-28	2026-09-28/glm	log/2026-09-28.md#glm-release	glm.log	18f29e1cc00548bb	GLM-5.3-Flash	GLM-5.3-Flash-UD-Q4_K_XL-00001-of-00006.gguf	RTX A6000	prompt=engine	lcpp27752	llama.cpp	1d0c76f3c6 (llama.cpp-pr27752)	-ngl 999 --n-cpu-moe 36 -fa on -t 32 -nopo 1; -ub 27752 -b 27752 (from the arm's name)	decode	512	17.805	2	0	cold 2/2; no-clean-round	clean	-	53e2def
2026-09-28	2026-09-28/glm	log/2026-09-28.md#glm-release	glm.log	18f29e1cc00548bb	GLM-5.3-Flash	GLM-5.3-Flash-UD-Q4_K_XL-00001-of-00006.gguf	RTX A6000	prompt=engine	lcpp27752	llama.cpp	1d0c76f3c6 (llama.cpp-pr27752)	-ngl 999 --n-cpu-moe 36 -fa on -t 32 -nopo 1; -ub 27752 -b 27752 (from the arm's name)	decode	1024	17.810	2	2	-	clean	-	53e2def
2026-09-28	2026-09-28/glm	log/2026-09-28.md#glm-release	glm.log	18f29e1cc00548bb	GLM-5.3-Flash	GLM-5.3-Flash-UD-Q4_K_XL-00001-of-00006.gguf	RTX A6000	prompt=engine	lcpp27754	llama.cpp	86ebfef2c6 (llama.cpp-pr27754)	NVIDIA_TF32_OVERRIDE=0 -ngl 999 --n-cpu-moe 36 -fa off -t 32 -nopo 1; -ub 27754 -b 27754 (from the arm's name)	decode	512	16.780	2	2	-	clean	-	53e2def
2026-09-28	2026-09-28/glm	log/2026-09-28.md#glm-release	glm.log	18f29e1cc00548bb	GLM-5.3-Flash	GLM-5.3-Flash-UD-Q4_K_XL-00001-of-00006.gguf	RTX A6000	prompt=engine	lcpp27754	llama.cpp	86ebfef2c6 (llama.cpp-pr27754)	NVIDIA_TF32_OVERRIDE=0 -ngl 999 --n-cpu-moe 36 -fa off -t 32 -nopo 1; -ub 27754 -b 27754 (from the arm's name)	decode	1024	16.635	2	2	-	clean	-	53e2def
2026-09-28	2026-09-28/glm	log/2026-09-28.md#glm-release	glm.log	18f29e1cc00548bb	GLM-5.3-Flash	GLM-5.3-Flash-UD-Q4_K_XL-00001-of-00006.gguf	RTX A6000	prompt=engine	lcpp27752pp	llama.cpp	1d0c76f3c6 (llama.cpp-pr27752)	-ngl 999 --n-cpu-moe 36 -fa on -t 32 -nopo 1; -ub 512 -b 2048	prompt	512	110.215	2	2	-	clean	-	53e2def
2026-09-28	2026-09-28/glm	log/2026-09-28.md#glm-release	glm.log	18f29e1cc00548bb	GLM-5.3-Flash	GLM-5.3-Flash-UD-Q4_K_XL-00001-of-00006.gguf	RTX A6000	prompt=engine	lcpp27754pp	llama.cpp	86ebfef2c6 (llama.cpp-pr27754)	NVIDIA_TF32_OVERRIDE=0 -ngl 999 --n-cpu-moe 36 -fa off -t 32 -nopo 1; -ub 512 -b 2048	prompt	512	112.975	2	2	-	clean	-	53e2def
2026-09-28	2026-09-28/glm	log/2026-09-28.md#glm-release	glm.log	18f29e1cc00548bb	GLM-5.3-Flash	GLM-5.3-Flash-UD-Q4_K_XL-00001-of-00006.gguf	RTX A6000	prompt=engine	lcpp27752pp4096	llama.cpp	1d0c76f3c6 (llama.cpp-pr27752)	-ngl 999 --n-cpu-moe 36 -fa on -t 32 -nopo 1; -ub 4096 -b 4096 (from the arm's name)	prompt	4096	FAIL	2	0	fail r1,r2 rc=1	clean	-	53e2def
2026-09-28	2026-09-28/glm	log/2026-09-28.md#glm-release	glm.log	18f29e1cc00548bb	GLM-5.3-Flash	GLM-5.3-Flash-UD-Q4_K_XL-00001-of-00006.gguf	RTX A6000	prompt=engine	lcpp27754pp	llama.cpp	86ebfef2c6 (llama.cpp-pr27754)	NVIDIA_TF32_OVERRIDE=0 -ngl 999 --n-cpu-moe 36 -fa off -t 32 -nopo 1; -ub 512 -b 2048	prompt	4096	109.205	2	2	-	clean	-	53e2def
2026-09-28	2026-09-28/glm	log/2026-09-28.md#glm-release	glm.log	18f29e1cc00548bb	GLM-5.3-Flash	GLM-5.3-Flash-UD-Q4_K_XL-00001-of-00006.gguf	RTX A6000	prompt=prose	lcpp27754srv	llama.cpp	86ebfef2c6 (llama.cpp-pr27754)	NVIDIA_TF32_OVERRIDE=0 -ngl 999 --n-cpu-moe 36 -fa off -t 32 -nopo 1; llama-server /completion	decode	512	16.585	2	2	-	clean	-	53e2def
2026-09-28	2026-09-28/glm	log/2026-09-28.md#glm-release	glm.log	18f29e1cc00548bb	GLM-5.3-Flash	GLM-5.3-Flash-UD-Q4_K_XL-00001-of-00006.gguf	RTX A6000	prompt=prose draft=mtp	lcpp27754mtp	llama.cpp	86ebfef2c6 (llama.cpp-pr27754)	NVIDIA_TF32_OVERRIDE=0 -ngl 999 --n-cpu-moe 36 -fa off -t 32 -nopo 1; llama-server /completion	decode	512	23.290	2	2	-	clean	-	53e2def
2026-09-28	2026-09-28/glm	log/2026-09-28.md#glm-release	glm.log	18f29e1cc00548bb	GLM-5.3-Flash	GLM-5.3-Flash-UD-Q4_K_XL-00001-of-00006.gguf	RTX A6000	prompt=engine	lcpp27752fit	llama.cpp	1d0c76f3c6 (llama.cpp-pr27752)	-fa on -t 32 -nopo 1 -fitt 1024 -v	decode	512	15.425	2	2	-	clean	-	53e2def
2026-09-28	2026-09-28/glm	log/2026-09-28.md#glm-release	glm.log	18f29e1cc00548bb	GLM-5.3-Flash	GLM-5.3-Flash-UD-Q4_K_XL-00001-of-00006.gguf	RTX A6000	prompt=engine	lcpp27754fit	llama.cpp	86ebfef2c6 (llama.cpp-pr27754)	-fa off -t 32 -nopo 1 -fitt 1024 -v	decode	512	15.565	2	2	-	clean	-	53e2def
2026-09-28	2026-09-28/glm	log/2026-09-28.md#glm-release	glm.log	18f29e1cc00548bb	GLM-5.3-Flash	GLM-5.3-Flash-UD-Q4_K_XL-00001-of-00006.gguf	RTX A6000	prompt=engine	lcpp27752ppfit	llama.cpp	1d0c76f3c6 (llama.cpp-pr27752)	-fa on -t 32 -nopo 1 -fitt 1024 -v; -ub 512 -b 2048	prompt	512	100.915	2	2	-	clean	-	53e2def
2026-09-28	2026-09-28/glm	log/2026-09-28.md#glm-release	glm.log	18f29e1cc00548bb	GLM-5.3-Flash	GLM-5.3-Flash-UD-Q4_K_XL-00001-of-00006.gguf	RTX A6000	prompt=engine	lcpp27754ppfit	llama.cpp	86ebfef2c6 (llama.cpp-pr27754)	-fa off -t 32 -nopo 1 -fitt 1024 -v; -ub 512 -b 2048	prompt	512	106.610	2	2	-	clean	-	53e2def
2026-09-28	2026-09-28/glm	log/2026-09-28.md#glm-release	glm.log	18f29e1cc00548bb	GLM-5.3-Flash	GLM-5.3-Flash-exl3-4.05	RTX A6000	prompt=engine	exl3	exllamav3	0740edc2da (exllamav3-src)	-mcs 224 -mct 32, perf.py's defaults otherwise	decode	512	18.475	2	2	-	clean	-	53e2def
2026-09-28	2026-09-28/glm	log/2026-09-28.md#glm-release	glm.log	18f29e1cc00548bb	GLM-5.3-Flash	GLM-5.3-Flash-exl3-4.05	RTX A6000	prompt=engine	exl3	exllamav3	0740edc2da (exllamav3-src)	-mcs 224 -mct 32, perf.py's defaults otherwise	decode	1024	18.025	2	2	-	clean	-	53e2def
2026-09-28	2026-09-28/glm	log/2026-09-28.md#glm-release	glm.log	18f29e1cc00548bb	GLM-5.3-Flash	GLM-5.3-Flash-exl3-4.05	RTX A6000	prompt=engine	exl3pp	exllamav3	0740edc2da (exllamav3-src)	-mcs 224 -mct 32, perf.py's defaults otherwise	prompt	512	156.605	2	2	-	clean	-	53e2def
2026-09-28	2026-09-28/glm	log/2026-09-28.md#glm-release	glm.log	18f29e1cc00548bb	GLM-5.3-Flash	GLM-5.3-Flash-exl3-4.05	RTX A6000	prompt=engine	exl3pp	exllamav3	0740edc2da (exllamav3-src)	-mcs 224 -mct 32, perf.py's defaults otherwise	prompt	4096	614.895	2	2	-	clean	-	53e2def
